--- When using SR data, please cite us and provide a link and/or a mention.


 
Rk,Player▲,WS,From,To,Age,G,GS,AS,MP,FG,FGA,2P,2PA,3P,3PA,FT,FTA,ORB,DRB,TRB,AST,STL,BLK,TOV,PF,PTS,FG%,2P%,3P%,FT%,TS%,eFG%,Pos,Team,Player▲-additional
1,Shareef Abdur-Rahim,48.0,2000-01,2007-08,24-31,536,419,1,17886,3251,6784,3165,6475,86,309,2302,2794,1094,2810,3904,1278,494,341,1219,1543,8890,.479,.489,.278,.824,.555,.486,F,ATLPORSACVAN,abdursh01
2,Steven Adams,63.7,2013-14,2025-26,20-32,796,655,0,20468,2874,4925,2873,4908,1,17,1181,2210,2910,3481,6391,1193,668,723,1118,1863,6930,.584,.585,.059,.534,.588,.584,C,HOUMEMNOPOKC,adamsst01
3,Bam Adebayo,64.0,2017-18,2025-26,20-28,640,536,3,19719,3934,7534,3705,6809,229,725,2294,3021,1415,4341,5756,2276,693,538,1338,1490,10391,.522,.544,.316,.759,.586,.537,C-F,MIA,adebaba01
4,LaMarcus Aldridge,115.6,2006-07,2021-22,21-36,1076,997,7,36242,8311,16872,8084,16162,227,710,3709,4563,2776,5960,8736,2076,758,1187,1643,2598,20558,.493,.500,.320,.813,.544,.499,F-C,BRKPORSAS,aldrila01
5,Jarrett Allen,73.1,2017-18,2025-26,19-27,624,559,1,17540,3249,5070,3229,4944,20,126,1630,2291,1763,3952,5715,1048,426,750,842,1208,8148,.641,.653,.159,.711,.670,.643,C-F,BRKCLE,allenja01
6,Ray Allen,118.0,2000-01,2013-14,25-38,1004,854,9,35736,6669,14648,4193,8500,2476,6148,3322,3687,866,3104,3970,3309,1102,196,1992,2092,19136,.455,.493,.403,.901,.588,.540,G,BOSMIAMILSEA,allenra02
7,Ryan Anderson,46.7,2008-09,2019-20,20-31,649,289,0,16769,2755,6533,1430,3042,1325,3491,1166,1366,1247,2166,3413,586,332,217,606,1263,8001,.422,.470,.380,.854,.561,.523,F,HOUMIANJNNOHNOPORLPHO,anderry01
8,Giannis Antetokounmpo,125.8,2013-14,2025-26,19-31,895,830,10,29273,7898,14266,7341,12313,557,1953,5178,7491,1697,7185,8882,4484,995,1088,2701,2617,21531,.554,.596,.285,.691,.613,.573,F-G,MIL,antetgi01
9,Carmelo Anthony,108.5,2003-04,2021-22,19-37,1260,1120,10,43514,10119,22643,8388,17770,1731,4873,6320,7764,1983,5825,7808,3422,1223,644,3052,3543,28289,.447,.472,.355,.814,.543,.485,F,DENHOULALNYKOKCPOR,anthoca01
10,Gilbert Arenas,51.3,2001-02,2011-12,20-30,552,455,3,19351,3722,8850,2643,5773,1079,3077,2879,3584,444,1724,2168,2909,884,134,1744,1683,11402,.421,.458,.351,.803,.547,.482,G,GSWMEMORLWAS,arenagi01
11,Trevor Ariza,64.3,2004-05,2021-22,19-36,1118,769,0,32953,4135,9804,2530,5225,1605,4579,1718,2350,1081,4275,5356,2379,1628,355,1473,2205,11593,.422,.484,.351,.731,.535,.504,F,HOULALMIANOHNYKORLPHOPORSACWAS,arizatr01
12,D.J. Augustin,47.7,2008-09,2021-22,21-34,976,334,0,22851,2994,7270,1732,3959,1262,3311,2009,2317,292,1513,1805,3761,567,32,1428,1350,9259,.412,.437,.381,.867,.558,.499,G,CHACHIDENDETHOUINDLALMILOKCORLTOR,augusdj01
13,Harrison Barnes,66.4,2012-13,2025-26,20-33,1070,984,0,33015,5130,11161,3552,7061,1578,4100,2734,3373,1076,3879,4955,1887,722,190,1185,1547,14572,.460,.503,.385,.811,.576,.530,F,DALGSWSACSAS,barneha02
14,Brent Barry,51.8,2000-01,2008-09,29-37,599,265,0,15144,1777,3756,867,1583,910,2173,794,959,264,1551,1815,1948,600,147,775,1026,5258,.473,.548,.419,.828,.629,.594,G,HOUSASSEA,barrybr01
15,Shane Battier,75.7,2001-02,2013-14,23-35,977,705,0,30004,2982,6819,1732,3565,1250,3254,1194,1606,1273,2809,4082,1717,988,906,878,2208,8408,.437,.486,.384,.743,.559,.529,F,HOUMEMMIA,battish01
16,Nicolas Batum,75.6,2008-09,2025-26,20-37,1205,877,0,33931,4091,9382,2249,4411,1842,4971,1529,1839,1116,4540,5656,3612,1075,720,1703,2049,11553,.436,.510,.371,.831,.567,.534,F-G,CHOLACPHIPOR,batumni01
17,Bradley Beal,58.4,2012-13,2025-26,19-32,807,758,3,27681,6364,13712,4640,9124,1724,4588,2854,3475,691,2560,3251,3442,885,339,1947,1819,17306,.464,.509,.376,.821,.568,.527,G,LACPHOWAS,bealbr01
18,Mike Bibby,66.3,2000-01,2011-12,22-33,869,818,0,29049,4691,10776,3266,7063,1425,3713,2039,2524,426,2235,2661,4527,962,129,1741,1638,12846,.435,.462,.384,.808,.540,.501,G,ATLMIANYKSACVANWAS,bibbymi01
19,Chauncey Billups,115.3,2000-01,2013-14,24-37,905,821,5,28999,4233,10068,2602,5944,1631,4124,4076,4547,386,2286,2672,5110,876,148,1842,1855,14173,.420,.438,.395,.896,.587,.501,G,DENDETLACMINNYK,billuch01
20,Eric Bledsoe,46.1,2010-11,2021-22,21-32,756,568,0,21021,3689,8169,2835,5624,854,2545,2116,2698,570,2367,2937,3545,1028,344,1888,1493,10348,.452,.504,.336,.784,.553,.504,G,LACMILNOPPHO,bledser01
21,Andrew Bogut,50.6,2005-06,2018-19,21-34,706,661,0,19862,2986,5585,2983,5560,3,25,833,1495,1754,4358,6112,1546,442,1091,1204,2186,6808,.535,.537,.120,.557,.545,.535,C,CLEDALGSWLALMIL,bogutan01
22,Devin Booker,58.0,2015-16,2025-26,19-29,737,712,5,25295,6295,13588,4749,9194,1546,4394,3984,4562,472,2494,2966,3908,628,208,2236,2140,18120,.463,.517,.352,.873,.581,.520,G,PHO,bookede01
23,Carlos Boozer,80.3,2002-03,2014-15,21-33,861,775,2,26901,5847,11221,5846,11207,1,14,2281,3158,2037,6155,8192,1928,765,346,1824,2612,13976,.521,.522,.071,.722,.554,.521,F-C,CHICLELALUTA,boozeca01
24,Chris Bosh,106.0,2003-04,2015-16,19-31,893,881,11,31936,6209,12581,5904,11671,305,910,4466,5591,1927,5665,7592,1795,730,932,1807,2159,17189,.494,.506,.335,.799,.571,.506,F-C,MIATOR,boshch01
25,Elton Brand,102.1,2000-01,2015-16,21-36,977,788,2,31911,5969,11879,5967,11860,2,19,3260,4393,2956,5274,8230,2029,874,1696,1832,2856,15200,.502,.503,.105,.742,.550,.503,F-C,ATLCHIDALLACPHI,brandel01
26,Mikal Bridges,50.0,2018-19,2025-26,22-29,638,571,0,21206,3531,7281,2398,4230,1133,3051,1190,1414,569,1950,2519,1821,757,379,774,1192,9385,.485,.567,.371,.842,.594,.563,F-G,BRKNYKPHO,bridgmi01
27,Jaylen Brown,47.5,2016-17,2025-26,20-29,674,567,5,20908,5034,10533,3750,6944,1284,3589,2122,2872,687,3013,3700,1953,684,255,1536,1709,13474,.478,.540,.358,.739,.571,.539,F-G,BOS,brownja02
28,P.J. Brown,48.7,2000-01,2007-08,31-38,565,517,0,17598,1948,4201,1948,4190,0,11,1155,1372,1616,3002,4618,862,431,483,678,1553,5051,.464,.465,.000,.842,.526,.464,F-C,BOSCHHCHINOHNOK,brownpj01
29,Jalen Brunson,54.2,2018-19,2025-26,22-29,561,411,3,16830,3930,8106,2957,5580,973,2526,1915,2317,258,1538,1796,2952,408,56,1025,1065,10748,.485,.530,.385,.826,.589,.545,G,DALNYK,brunsja01
30,Kobe Bryant,148.9,2000-01,2015-16,22-37,1080,1079,16,41058,10236,22903,8608,17958,1628,4945,7303,8693,1212,4781,5993,5503,1643,465,3402,2698,29403,.447,.479,.329,.840,.550,.482,G-F,LAL,bryanko01
31,Caron Butler,50.9,2002-03,2015-16,22-35,881,732,2,28333,4596,10592,3850,8448,746,2144,2492,2942,1103,3284,4387,2007,1163,216,1594,2129,12430,.434,.456,.348,.847,.523,.469,F,DALDETLACLALMIAMILOKCSACWAS,butleca01
32,Jimmy Butler,129.4,2011-12,2025-26,22-36,907,802,6,29972,5387,11371,4671,9202,716,2169,5168,6120,1529,3329,4858,3957,1455,387,1459,1242,16658,.474,.508,.330,.844,.592,.505,F-G,CHIGSWMIAMINPHI,butleji01
33,José Calderón,58.3,2005-06,2018-19,24-37,895,591,0,23643,3038,6440,2118,4180,920,2260,925,1060,303,1845,2148,5148,716,71,1339,1476,7921,.472,.507,.407,.873,.573,.543,G,ATLCLEDALDETLALNYKTOR,caldejo01
34,Kentavious Caldwell-Pope,49.2,2013-14,2025-26,20-32,963,784,0,28124,3777,8845,2189,4489,1588,4356,1458,1765,542,2291,2833,1791,1100,273,984,1743,10600,.427,.488,.365,.826,.551,.517,G,DENDETLALMEMORLWAS,caldwke01
35,Marcus Camby,67.6,2000-01,2012-13,26-38,742,679,0,22292,2722,5820,2707,5750,15,70,1173,1719,2001,5938,7939,1568,761,1781,983,1938,6632,.468,.471,.214,.682,.504,.469,C-F,DENHOULACNYKPOR,cambyma01
36,Clint Capela,72.6,2014-15,2025-26,20-31,739,590,0,18329,3588,5855,3587,5847,1,8,1059,1941,2592,4738,7330,726,486,1014,745,1632,8236,.613,.613,.125,.546,.614,.613,C,ATLHOU,capelca01
37,Vince Carter,108.5,2000-01,2019-20,24-43,1409,851,7,41481,8160,18877,5984,13011,2176,5866,4212,5263,1414,4433,5847,4243,1365,719,2302,3592,22708,.432,.460,.371,.800,.536,.490,G-F,ATLDALMEMNJNORLPHOSACTOR,cartevi01
38,Sam Cassell,54.6,2000-01,2007-08,31-38,559,483,1,17708,3563,7717,3177,6588,386,1129,1943,2245,310,1652,1962,3391,543,91,1276,1494,9455,.462,.482,.342,.865,.543,.487,G,BOSLACMILMIN,cassesa01
39,Tyson Chandler,102.1,2001-02,2019-20,19-37,1160,886,1,31617,3558,5964,3558,5953,0,11,2393,3714,3529,6938,10467,967,630,1335,1656,3268,9509,.597,.598,.000,.644,.626,.597,C,CHACHIDALHOULALNOHNOKNYKPHO,chandty01
40,Darren Collison,49.9,2009-10,2021-22,22-34,711,518,0,20833,3272,6944,2637,5331,635,1613,1682,1973,332,1557,1889,3545,820,106,1383,1212,8861,.471,.495,.394,.853,.567,.517,G,DALINDLACLALNOHSAC,collida01
41,Mike Conley,107.6,2007-08,2025-26,20-38,1226,1143,1,37588,5856,13419,3870,8288,1986,5131,3017,3652,576,2971,3547,6782,1638,256,2214,2354,16715,.436,.467,.387,.826,.556,.510,G,MEMMINUTA,conlemi01
42,DeMarcus Cousins,46.8,2010-11,2021-22,20-31,654,561,4,19509,4562,9924,4136,8636,426,1288,3252,4411,1692,4972,6664,1979,874,742,2149,2421,12802,.460,.479,.331,.737,.539,.481,C-F,DENGSWHOULACMILNOPSAC,couside01
43,Jamal Crawford,60.7,2000-01,2019-20,20-39,1327,433,0,38994,6752,16467,4531,10088,2221,6379,3694,4286,466,2482,2948,4541,1179,271,2476,2008,19419,.410,.449,.348,.862,.529,.477,G,ATLBRKCHIGSWLACMINNYKPHOPOR,crawfja01
44,Stephen Curry,147.1,2009-10,2025-26,21-37,1069,1061,12,36304,9022,19155,4774,9082,4248,10073,4236,4645,686,4287,4973,6743,1602,282,3308,2385,26528,.471,.526,.422,.912,.626,.582,G,GSW,curryst01
45,Samuel Dalembert,51.3,2001-02,2014-15,20-33,886,694,0,21646,2810,5393,2809,5381,1,12,1193,1689,2289,4653,6942,465,437,1546,1271,2601,6814,.521,.522,.083,.706,.555,.521,C,DALHOUMILNYKPHISAC,dalemsa01
46,Erick Dampier,46.4,2000-01,2011-12,25-36,762,606,0,18386,2070,3881,2069,3868,1,13,1218,1957,2143,3337,5480,607,238,1113,1055,2195,5359,.533,.535,.077,.622,.565,.533,C,ATLDALGSWMIA,dampier01
47,Anthony Davis,120.1,2012-13,2025-26,19-32,807,800,10,27741,7269,13923,6884,12617,385,1306,4462,5627,2148,6489,8637,2065,1055,1848,1614,1882,19385,.522,.546,.295,.793,.591,.536,F-C,DALLALNOHNOP,davisan02
48,Baron Davis,61.0,2000-01,2011-12,21-32,753,692,2,27069,4706,11518,3399,7470,1307,4048,2242,3139,714,2304,3018,5716,1433,341,2168,2160,12961,.409,.455,.323,.714,.502,.465,G,CHHCLEGSWLACNOHNYK,davisba01
49,Luol Deng,74.0,2004-05,2018-19,19-33,902,828,2,30941,5130,11257,4472,9275,658,1982,2443,3175,1462,4006,5468,2042,880,444,1459,1499,13361,.456,.482,.332,.769,.528,.485,F,CHICLELALMIAMIN,denglu01
50,DeMar DeRozan,114.1,2009-10,2025-26,20-36,1264,1252,6,43634,9563,20320,8901,18126,662,2194,6923,8209,870,4564,5434,5185,1250,416,2475,2808,26711,.471,.491,.302,.843,.558,.487,G-F,CHISACSASTOR,derozde01
51,Boris Diaw,51.6,2003-04,2016-17,21-34,1064,564,0,28768,3805,7711,3330,6298,475,1413,1054,1470,1258,3376,4634,3684,648,510,1897,2269,9139,.493,.529,.336,.717,.547,.524,F-C,ATLCHAPHOSASUTA,diawbo01
52,Luka Dončić,66.6,2018-19,2025-26,19-26,514,514,6,18001,5052,10778,3420,6146,1632,4632,3285,4349,468,3908,4376,4230,661,237,2032,1181,15021,.469,.556,.352,.755,.592,.544,G-F,DALLAL,doncilu01
53,Goran Dragić,56.7,2008-09,2022-23,22-36,946,530,1,25604,4605,10029,3455,6848,1150,3181,2208,2883,643,2173,2816,4405,876,167,2064,2119,12568,.459,.505,.362,.766,.556,.517,G,BRKCHIHOUMIAMILPHOTOR,dragigo01
54,Andre Drummond,80.0,2012-13,2025-26,19-32,967,688,2,25451,4899,9090,4849,8860,50,230,1848,3780,3965,7548,11513,1187,1171,1197,1683,2724,11696,.539,.547,.217,.489,.544,.542,C,BRKCHICLEDETLALPHI,drumman01
55,Tim Duncan,171.8,2000-01,2015-16,24-39,1186,1183,13,39326,8533,16921,8505,16781,28,140,4871,7025,3164,9461,12625,3646,859,2523,2714,2693,21965,.504,.507,.200,.693,.549,.505,F-C,SAS,duncati01
56,Mike Dunleavy,58.5,2002-03,2016-17,22-36,986,585,0,27340,3935,8926,2631,5466,1304,3460,1874,2333,698,3513,4211,2185,719,324,1369,1986,11048,.441,.481,.377,.803,.555,.514,F-G,ATLCHICLEGSWINDMIL,dunlemi02
57,Kevin Durant,186.1,2007-08,2025-26,19-37,1201,1198,16,44077,11258,22375,8881,16305,2377,6070,7704,8738,781,7473,8254,5280,1236,1344,3800,2279,32597,.503,.545,.392,.882,.622,.556,F-G,BRKGSWHOUOKCPHOSEA,duranke01
58,Joel Embiid,69.0,2016-17,2025-26,22-31,490,490,7,15608,4458,8909,3873,7182,585,1727,4043,4873,1083,4197,5280,1808,432,784,1656,1451,13544,.500,.539,.339,.830,.613,.533,C,PHI,embiijo01
59,Derrick Favors,60.2,2010-11,2021-22,19-30,790,503,0,19202,3420,6407,3382,6215,38,192,1476,2225,1933,3675,5608,851,577,939,995,1976,8354,.534,.544,.198,.663,.566,.537,F-C,NJNNOPOKCUTA,favorde01
60,Michael Finley,53.8,2000-01,2009-10,27-36,724,535,1,23085,3944,9031,2883,6244,1061,2787,1248,1505,553,2286,2839,1671,536,191,810,1045,10197,.437,.462,.381,.829,.526,.495,G-F,BOSDALSAS,finlemi01
61,Derek Fisher,52.6,2000-01,2013-14,26-39,997,649,0,27104,3186,7943,2081,5019,1105,2924,1666,1983,308,1826,2134,2939,1095,84,1131,2226,9143,.401,.415,.378,.840,.519,.471,G,DALGSWLALOKCUTA,fishede01
62,Jeff Foster,46.9,2000-01,2011-12,24-35,745,345,0,15664,1459,2938,1452,2885,7,53,779,1270,2089,3127,5216,698,502,307,611,1903,3704,.497,.503,.132,.613,.530,.498,F-C,IND,fosteje01
63,Steve Francis,47.7,2000-01,2007-08,23-30,499,466,3,18856,3046,7150,2578,5776,468,1374,2498,3129,808,1998,2806,2966,728,194,1724,1582,9058,.426,.446,.341,.798,.531,.459,G,HOUNYKORL,francst01
64,Enes Freedom,52.8,2011-12,2021-22,19-29,748,259,0,16101,3426,6254,3380,6095,46,159,1451,1868,2223,3599,5822,638,296,363,1076,1606,8349,.548,.555,.289,.777,.590,.551,C,BOSNYKOKCPORUTA,kanteen01
65,Danilo Gallinari,65.4,2008-09,2023-24,20-35,777,563,0,22410,3537,8266,2081,4441,1456,3825,3077,3511,521,3097,3618,1469,550,268,908,1355,11607,.428,.469,.381,.876,.592,.516,F,ATLDENDETLACMILNYKOKCWAS,gallida01
66,Kevin Garnett,153.2,2000-01,2015-16,24-39,1095,1095,12,36885,7787,15588,7664,15116,123,472,3878,4827,2233,9079,11312,4113,1331,1384,2299,2592,19575,.500,.507,.261,.803,.553,.503,F-C,BOSBRKMIN,garneke01
67,Marc Gasol,85.3,2008-09,2020-21,24-36,891,866,3,28719,4635,9638,4204,8441,431,1197,2813,3625,1411,5193,6604,2996,792,1254,1755,2551,12514,.481,.498,.360,.776,.557,.503,C,LALMEMTOR,gasolma01
68,Pau Gasol,144.1,2001-02,2018-19,21-38,1226,1150,6,41001,7980,15729,7801,15243,179,486,4755,6311,3085,8220,11305,3925,606,1941,2638,2632,20894,.507,.512,.368,.753,.565,.513,C-F,CHILALMEMMILSAS,gasolpa01
69,Rudy Gay,61.0,2006-07,2022-23,20-36,1120,779,0,34561,6670,14771,5484,11342,1186,3429,3116,3898,1447,4836,6283,2280,1231,798,2245,2524,17642,.452,.484,.346,.799,.535,.492,F,MEMSACSASTORUTA,gayru01
70,Paul George,92.0,2010-11,2025-26,20-35,945,897,9,31651,6625,15066,4176,8684,2449,6382,3639,4271,770,5110,5880,3502,1601,417,2487,2502,19338,.440,.481,.384,.852,.571,.521,F-G,INDLACOKCPHI,georgpa01
71,Taj Gibson,60.5,2009-10,2025-26,24-40,1012,462,0,23166,3490,6754,3432,6541,58,213,1393,1955,2144,3610,5754,952,532,965,1046,2439,8431,.517,.525,.272,.713,.554,.521,F-C,CHICHODETMEMMINNYKOKCWAS,gibsota01
72,Shai Gilgeous-Alexander,75.6,2018-19,2025-26,20-27,530,521,4,17550,4674,9193,3945,7166,729,2027,3334,3857,389,2114,2503,2810,761,422,1223,1183,13411,.508,.551,.360,.864,.616,.548,G,LACOKC,gilgesh01
73,Manu Ginóbili,106.4,2002-03,2017-18,25-40,1057,349,2,26859,4584,10262,3089,6207,1495,4055,3380,4089,685,3012,3697,4001,1392,319,2116,2212,14043,.447,.498,.369,.827,.582,.520,G,SAS,ginobma01
74,Rudy Gobert,124.9,2013-14,2025-26,21-33,905,813,3,27811,4238,6441,4238,6419,0,22,2811,4439,3103,7469,10572,1251,634,1842,1443,2408,11287,.658,.660,.000,.633,.672,.658,C,MINUTA,goberru01
75,Aaron Gordon,50.1,2014-15,2025-26,19-30,756,655,0,22081,3894,8035,3071,5576,823,2459,1728,2477,1310,3373,4683,2035,543,455,1106,1468,10339,.485,.551,.335,.698,.567,.536,F,DENORL,gordoaa01
76,Marcin Gortat,61.3,2007-08,2018-19,23-34,806,587,0,20691,3401,6168,3398,6148,3,20,1146,1686,1759,4648,6407,915,383,885,958,1775,7951,.551,.553,.150,.680,.575,.552,C-F,LACORLPHOWAS,gortama01
77,Danny Granger,48.5,2005-06,2014-15,22-31,586,431,1,18487,3332,7672,2326,5028,1006,2644,2185,2577,674,2214,2888,1097,561,481,1098,1628,9855,.434,.463,.380,.848,.560,.500,F,INDLACMIA,grangda01
78,Danny Green,49.3,2009-10,2023-24,22-36,832,709,0,20899,2546,6047,969,2101,1577,3946,535,665,501,2326,2827,1277,853,634,825,1454,7204,.421,.461,.400,.805,.568,.551,G-F,CLELALMEMPHISASTOR,greenda02
79,Draymond Green,66.3,2012-13,2025-26,22-35,949,794,4,27151,3036,6790,2193,4162,843,2628,1320,1859,1019,5443,6462,5324,1244,930,2208,2733,8235,.447,.527,.321,.710,.541,.509,F,GSW,greendr01
80,Jeff Green,56.1,2007-08,2025-26,21-39,1247,660,0,33432,5228,11624,4015,8024,1213,3600,2811,3495,1010,3897,4907,1792,761,593,1586,2514,14480,.450,.500,.337,.804,.550,.502,F,BOSBRKCLEDENHOULACMEMOKCORLSEAUTAWAS,greenje02
81,Blake Griffin,81.1,2010-11,2022-23,21-33,765,692,6,24384,5419,10988,4881,9349,538,1639,3137,4508,1487,4622,6109,3055,627,359,1732,2058,14513,.493,.522,.328,.696,.559,.518,F-C,BOSBRKDETLAC,griffbl01
82,Richard Hamilton,62.1,2000-01,2012-13,22-34,850,771,3,28186,5715,12683,5213,11230,502,1453,3137,3672,756,1967,2723,3017,686,125,1893,2187,15069,.451,.464,.345,.854,.527,.470,G-F,CHIDETWAS,hamilri01
83,James Harden,182.4,2009-10,2025-26,20-36,1221,1007,11,42449,8661,19733,5271,10410,3390,9323,8627,10002,911,5898,6809,8873,1794,683,4505,2994,29339,.439,.506,.364,.863,.608,.525,G,BRKCLEHOULACOKCPHI,hardeja01
84,Devin Harris,54.9,2004-05,2018-19,21-35,985,448,1,23963,3486,8072,2654,5514,832,2558,2793,3507,290,1861,2151,3869,998,194,1682,2171,10597,.432,.481,.325,.796,.551,.483,G,ATLDALDENNJNUTA,harride01
85,Tobias Harris,80.6,2011-12,2025-26,19-33,1033,913,0,32474,6285,13152,4894,9356,1391,3796,2479,2959,1025,5267,6292,2450,827,565,1407,2033,16440,.478,.523,.366,.838,.569,.531,F,DETLACMILORLPHI,harrito02
86,Udonis Haslem,50.9,2003-04,2022-23,23-42,879,501,0,21719,2669,5462,2660,5391,9,71,1239,1639,1615,4176,5791,733,424,252,810,2069,6586,.489,.493,.127,.756,.533,.489,F-C,MIA,hasleud01
87,Gordon Hayward,63.5,2010-11,2023-24,20-33,835,649,1,25654,4425,9725,3314,6723,1111,3002,2726,3317,629,3069,3698,2940,808,321,1597,1420,12687,.455,.493,.370,.822,.567,.512,F-G,BOSCHOOKCUTA,haywago01
88,Nenê,73.3,2002-03,2018-19,20-36,965,626,0,25237,4175,7621,4168,7568,7,53,2552,3864,1688,4140,5828,1719,1041,721,1688,2934,10909,.548,.551,.132,.660,.585,.548,F-C,DENHOUWAS,hilarne01
89,George Hill,71.0,2008-09,2022-23,22-36,915,484,0,24501,3377,7393,2311,4585,1066,2808,1725,2141,533,2198,2731,2807,806,233,1091,1759,9545,.457,.504,.380,.806,.573,.529,G,CLEINDMILOKCPHISACSASUTA,hillge01
90,Kirk Hinrich,52.5,2003-04,2015-16,23-35,879,665,0,27015,3503,8522,2331,5400,1172,3122,1416,1770,310,2266,2576,4245,972,243,1617,2487,9594,.411,.432,.375,.800,.516,.480,G,ATLCHIWAS,hinriki01
91,Jrue Holiday,78.1,2009-10,2025-26,19-35,1090,1007,2,35720,6754,14637,5043,10016,1711,4621,2068,2618,1069,3516,4585,6762,1527,541,2819,2274,17287,.461,.503,.370,.790,.547,.520,G,BOSMILNOPPHIPOR,holidjr01
92,Al Horford,119.4,2007-08,2025-26,21-39,1183,1091,5,36887,6200,12224,5150,9430,1050,2794,1627,2130,2213,6949,9162,3745,896,1351,1611,2467,15077,.507,.546,.376,.764,.573,.550,C-F,ATLBOSGSWOKCPHI,horfoal01
93,Dwight Howard,141.7,2004-05,2021-22,19-36,1242,1078,8,39457,7051,12016,7029,11913,22,103,5361,9455,4151,10476,14627,1676,1081,2228,3302,3912,19485,.587,.590,.214,.567,.602,.588,C,ATLCHOHOULALORLPHIWAS,howardw01
94,Serge Ibaka,73.0,2009-10,2022-23,20-33,919,697,0,25126,4575,8916,3961,7207,614,1709,1264,1669,1894,4619,6513,749,373,1759,1187,2480,11028,.513,.550,.359,.757,.571,.548,F-C,LACMILOKCORLTOR,ibakase01
95,Andre Iguodala,100.4,2004-05,2022-23,21-39,1231,784,1,39507,5028,10870,3947,7592,1081,3278,2831,3994,1118,4929,6047,5147,1765,633,2240,2180,13968,.463,.520,.330,.709,.553,.512,F-G,DENGSWMIAPHI,iguodan01
96,Zydrunas Ilgauskas,56.5,2000-01,2010-11,25-35,756,638,2,20415,3724,7909,3694,7813,30,96,2283,2911,2148,3276,5424,880,365,1185,1354,2464,9761,.471,.473,.313,.784,.531,.473,C,CLEMIA,ilgauzy01
97,Ersan İlyasova,48.8,2006-07,2020-21,19-33,825,424,0,18957,3123,7047,2240,4638,883,2409,1235,1590,1397,3264,4661,908,560,293,791,1994,8364,.443,.483,.367,.777,.540,.506,F,ATLDETMILOKCORLPHIUTA,ilyaser01
98,Kyrie Irving,91.0,2011-12,2024-25,19-32,779,779,9,26879,6787,14313,4911,9550,1876,4763,2983,3360,638,2535,3173,4364,1022,337,1943,1770,18433,.474,.514,.394,.888,.584,.540,G,BOSBRKCLEDAL,irvinky01
99,Allen Iverson,71.8,2000-01,2009-10,25-34,640,629,10,26546,6029,14206,5342,11973,687,2233,4805,5995,407,1876,2283,4012,1396,103,2284,1084,17550,.424,.446,.308,.802,.521,.449,G,DENDETMEMPHI,iversal01
100,LeBron James,276.8,2003-04,2025-26,19-41,1622,1620,22,61030,15961,31502,13325,23937,2636,7565,8882,12051,1842,10253,12095,12016,2417,1185,5650,2862,43440,.507,.557,.348,.737,.590,.549,F-G,CLELALMIA,jamesle01
101,Antawn Jamison,84.1,2000-01,2013-14,24-37,993,799,2,35024,7145,15874,5987,12526,1158,3348,3304,4499,2254,5243,7497,1637,980,390,1533,2363,18752,.450,.478,.346,.734,.525,.487,F,CLEDALGSWLACLALWAS,jamisan01
102,Al Jefferson,71.0,2004-05,2017-18,20-33,915,651,0,26299,6161,12344,6153,12278,8,66,2013,2833,2054,5636,7690,1347,628,1093,1211,2347,14343,.499,.501,.121,.711,.528,.499,C-F,BOSCHACHOINDMINUTA,jeffeal01
103,Richard Jefferson,83.0,2001-02,2017-18,21-37,1181,809,0,34293,5150,11102,4108,8333,1042,2769,3562,4639,917,3803,4720,2412,787,347,1768,2637,14904,.464,.493,.376,.768,.567,.511,F,CLEDALDENGSWMILNJNSASUTA,jefferi01
104,Amir Johnson,55.3,2005-06,2018-19,18-31,870,485,0,18323,2558,4490,2451,4168,107,322,879,1307,1723,2969,4692,1073,524,839,932,2578,6102,.570,.588,.332,.673,.602,.582,F-C,BOSDETPHITOR,johnsam01
105,Joe Johnson,82.9,2001-02,2021-22,20-40,1277,1091,7,44236,7823,17720,5845,12389,1978,5331,2783,3468,1067,3992,5059,5001,1071,260,2451,2252,20407,.441,.472,.371,.802,.530,.497,G-F,ATLBOSBRKHOUMIAPHOUTA,johnsjo02
106,Nikola Jokić,142.9,2015-16,2025-26,20-30,810,769,8,25914,6880,12274,5954,9715,926,2559,3323,4030,2175,6802,8977,6080,1041,589,2419,2168,18009,.561,.613,.362,.825,.641,.598,C-F,DEN,jokicni01
107,Eddie Jones,53.0,2000-01,2007-08,29-36,538,496,0,18017,2556,6057,1655,3623,901,2434,1403,1708,331,1879,2210,1431,694,283,765,1452,7416,.422,.457,.370,.821,.545,.496,G-F,DALMEMMIA,jonesed02
108,DeAndre Jordan,99.4,2008-09,2025-26,20-37,1123,798,1,28066,3877,5757,3875,5744,2,13,1780,3745,3217,7644,10861,1056,575,1578,1451,2700,9536,.673,.675,.154,.475,.644,.674,C,BRKDALDENLACLALNOPNYKPHI,jordade01
109,Jason Kidd,101.7,2000-01,2012-13,27-39,977,946,7,34651,4166,10466,2616,6105,1550,4361,2019,2490,1058,5103,6161,8243,1824,307,2646,1759,11901,.398,.429,.355,.811,.515,.472,G,DALNJNNYKPHO,kiddja01
110,Andrei Kirilenko,75.4,2001-02,2014-15,20-33,797,546,1,23916,3146,6637,2779,5452,367,1185,2772,3675,1400,2952,4352,2169,1097,1461,1518,1605,9431,.474,.510,.310,.754,.571,.502,F,BRKMINUTA,kirilan01
111,Kyle Korver,73.4,2003-04,2019-20,22-38,1232,423,1,31183,4103,9277,1653,3562,2450,5715,1297,1479,345,3298,3643,2114,804,403,1290,2522,11953,.442,.464,.429,.877,.602,.574,G-F,ATLCHICLEMILPHIUTA,korveky01
112,David Lee,76.0,2005-06,2016-17,22-33,829,505,2,24293,4587,8566,4586,8537,1,29,2057,2666,2150,5170,7320,1825,625,329,1454,2170,11232,.535,.537,.034,.772,.577,.536,F-C,BOSDALGSWNYKSAS,leeda02
113,Kawhi Leonard,111.9,2011-12,2025-26,20-34,798,769,7,25368,5987,11994,4628,8522,1359,3472,3213,3722,943,4132,5075,2470,1377,498,1345,1303,16546,.499,.543,.391,.863,.607,.556,F,LACSASTOR,leonaka01
114,Rashard Lewis,87.2,2000-01,2013-14,21-34,947,827,2,31821,5350,11861,3604,7362,1746,4499,2412,2974,1278,3794,5072,1691,1045,504,1479,2248,14858,.451,.490,.388,.811,.564,.525,F,MIAORLSEAWAS,lewisra02
115,Damian Lillard,118.4,2012-13,2024-25,22-34,900,900,9,32614,7266,16568,4462,9012,2804,7556,5262,5853,534,3311,3845,6069,874,267,2541,1708,22598,.439,.495,.371,.899,.590,.523,G,MILPOR,lillada01
116,Brook Lopez,94.2,2008-09,2025-26,20-37,1180,1105,1,35157,6912,13989,5723,10617,1189,3372,3138,3939,2208,4802,7010,1712,678,2147,1812,3022,18151,.494,.539,.353,.797,.577,.537,C,BRKLACLALMILNJN,lopezbr01
117,Robin Lopez,49.6,2008-09,2023-24,20-35,992,607,0,20937,3484,6488,3427,6296,57,192,1301,1751,2147,2513,4660,819,219,1045,1063,1858,8326,.537,.544,.297,.743,.574,.541,C,CHICLEMILNOHNYKORLPHOPORWAS,lopezro01
118,Kevin Love,96.0,2008-09,2025-26,20-37,989,698,5,28118,5153,11783,3426,7099,1727,4684,3636,4390,2271,7441,9712,2240,591,377,1709,1895,15669,.437,.483,.369,.828,.571,.511,F-C,CLEMIAMINUTA,loveke01
119,Kyle Lowry,112.4,2006-07,2025-26,20-39,1187,898,6,36798,5254,12425,3045,6403,2209,6022,3656,4484,892,4078,4970,7110,1501,353,2632,3169,16373,.423,.476,.367,.815,.569,.512,G,HOUMEMMIAPHITOR,lowryky01
120,Corey Maggette,59.6,2000-01,2012-13,21-33,750,473,0,21988,3841,8500,3380,7080,461,1420,4409,5338,792,2927,3719,1635,566,113,1736,2169,12552,.452,.477,.325,.826,.579,.479,F,CHADETGSWLACMIL,maggeco01
121,Stephon Marbury,55.8,2000-01,2008-09,23-31,574,548,2,21679,3954,9016,3292,6990,662,2026,2536,3203,369,1351,1720,4186,680,72,1647,1313,11106,.439,.471,.327,.792,.533,.475,G,BOSNJNNYKPHO,marbust01
122,Shawn Marion,120.8,2000-01,2014-15,22-36,1112,1024,4,38837,7067,14585,6280,12217,787,2368,2259,2792,2627,7142,9769,2129,1721,1180,1699,2422,17180,.485,.514,.332,.809,.543,.512,F,CLEDALMIAPHOTOR,mariosh01
123,Kenyon Martin,48.0,2000-01,2014-15,23-37,757,667,1,23134,3875,8031,3809,7749,66,282,1509,2398,1312,3847,5159,1439,893,864,1318,2498,9325,.483,.492,.234,.629,.513,.487,F,DENLACMILNJNNYK,martike01
124,Kevin Martin,61.3,2004-05,2015-16,21-32,714,504,0,21559,3847,8797,2706,5828,1141,2969,3561,4091,401,1877,2278,1352,643,78,1200,1361,12396,.437,.464,.384,.870,.585,.502,G,HOUMINOKCSACSAS,martike02
125,Wesley Matthews,55.5,2009-10,2023-24,23-37,986,757,0,28579,3822,9123,1977,4209,1845,4914,1721,2090,498,2259,2757,1843,925,204,1071,1999,11210,.419,.470,.375,.823,.558,.520,G,ATLDALINDLALMILNYKPORUTA,matthwe02
126,CJ McCollum,54.9,2013-14,2025-26,22-34,863,750,0,27528,6396,14120,4216,8599,2180,5521,1866,2344,570,2549,3119,3298,768,361,1561,1801,16838,.453,.490,.395,.796,.556,.530,G,ATLNOPPORWAS,mccolcj01
127,Tracy McGrady,85.4,2000-01,2011-12,21-32,746,650,7,25911,5903,13612,4862,10555,1041,3057,3412,4542,887,3341,4228,3687,945,529,1723,1280,16259,.434,.461,.341,.751,.521,.472,G-F,ATLDETHOUNYKORL,mcgratr01
128,Khris Middleton,58.2,2012-13,2025-26,21-34,839,721,3,25262,4915,10727,3439,6897,1476,3830,2235,2545,533,3398,3931,3242,944,160,1724,2094,13541,.458,.499,.385,.878,.572,.527,F-G,DALDETMILWAS,middlkh01
129,Andre Miller,95.5,2000-01,2015-16,24-39,1222,903,0,38175,5696,12349,5513,11510,183,839,3789,4683,1288,3227,4515,8048,1462,210,2955,2688,15364,.461,.479,.218,.809,.533,.469,G,CLEDENLACMINPHIPORSACSASWAS,millean02
130,Brad Miller,70.5,2000-01,2011-12,24-35,775,594,2,23107,3233,6743,3033,6137,200,606,2397,2976,1560,4229,5789,2403,607,539,1287,2207,9063,.479,.494,.330,.805,.563,.494,C-F,CHIHOUINDMINSAC,millebr01
131,Mike Miller,60.7,2000-01,2016-17,20-36,1032,570,0,27812,4016,8747,2426,4837,1590,3910,1351,1757,632,3744,4376,2666,573,229,1561,2043,10973,.459,.502,.407,.769,.576,.550,F-G,CLEDENMEMMIAMINORLWAS,millemi01
132,Paul Millsap,95.4,2006-07,2021-22,21-36,1085,746,4,30499,5455,11158,4914,9570,541,1588,3085,4190,2343,5330,7673,2378,1327,1045,1829,3248,14536,.489,.513,.341,.736,.559,.513,F,ATLBRKDENPHIUTA,millspa01
133,Yao Ming,65.9,2002-03,2010-11,22-30,486,476,8,15818,3380,6445,3378,6435,2,10,2485,2984,1233,3261,4494,769,189,920,1311,1596,9247,.524,.525,.200,.833,.596,.525,C,HOU,mingya01
134,Donovan Mitchell,60.2,2017-18,2025-26,21-29,609,601,7,20585,5398,11915,3556,6880,1842,5035,2634,3122,485,2155,2640,2928,844,193,1645,1463,15272,.453,.517,.366,.844,.575,.530,G,CLEUTA,mitchdo01
135,Greg Monroe,50.4,2010-11,2021-22,20-31,646,417,0,17670,3371,6556,3370,6539,1,17,1659,2361,1799,3494,5293,1376,680,373,1198,1435,8402,.514,.515,.059,.703,.553,.514,C-F,BOSDETMILMINPHIPHOTORUTAWAS,monrogr01
136,Troy Murphy,50.3,2001-02,2012-13,21-32,729,482,0,19921,2848,6400,2235,4822,613,1578,1551,1977,1373,4335,5708,1088,478,294,886,1890,7860,.445,.464,.388,.785,.541,.493,F-C,BOSDALGSWINDLALNJN,murphtr01
137,Jamal Murray,47.6,2016-17,2025-26,19-28,611,537,1,19448,4208,9159,2817,5592,1391,3567,1721,1970,437,1911,2348,3044,608,226,1257,1113,11528,.459,.504,.390,.874,.575,.535,G,DEN,murraja01
138,Steve Nash,120.3,2000-01,2013-14,26-39,980,975,8,32920,5692,11456,4220,8047,1472,3409,2831,3116,529,2655,3184,9444,742,93,3132,1525,15687,.497,.524,.432,.909,.611,.561,G,DALLALPHO,nashst01
139,Jameer Nelson,48.3,2004-05,2017-18,22-35,878,639,1,24539,3790,8692,2637,5558,1153,3134,1207,1491,426,2169,2595,4508,772,68,1831,2195,9940,.436,.474,.368,.810,.532,.502,G,BOSDALDENDETNOPORL,nelsoja01
140,Joakim Noah,61.9,2007-08,2019-20,22-34,672,512,2,18646,2248,4574,2248,4558,0,16,1385,1979,2141,3917,6058,1907,534,874,1133,1874,5881,.491,.493,.000,.700,.540,.491,C,CHILACMEMNYK,noahjo01
141,Dirk Nowitzki,197.5,2000-01,2018-19,22-40,1393,1355,14,47472,10518,22280,8666,17444,1852,4836,6852,7763,1325,9470,10795,3401,1118,1186,2280,3240,29740,.472,.497,.383,.883,.579,.514,F-C,DAL,nowitdi01
142,Jermaine O'Neal,61.0,2000-01,2013-14,22-35,800,679,6,24928,4819,10336,4805,10246,14,90,2840,3908,1733,4877,6610,1313,438,1667,1729,2581,12492,.466,.469,.156,.727,.518,.467,C-F,BOSGSWINDMIAPHOTOR,onealje01
143,Shaquille O'Neal,87.6,2000-01,2010-11,28-38,673,668,8,21770,5434,9247,5434,9242,0,5,3041,5834,2047,4437,6484,1596,339,1296,1756,2310,13909,.588,.588,.000,.521,.589,.588,C,BOSCLELALMIAPHO,onealsh01
144,Lamar Odom,73.8,2000-01,2012-13,21-33,885,614,0,29364,4362,9369,3757,7407,605,1962,2193,3179,1662,5802,7464,3237,757,797,1995,2625,11522,.466,.507,.308,.690,.535,.498,F,DALLACLALMIA,odomla01
145,Mehmet Okur,54.7,2002-03,2011-12,23-32,634,460,1,18429,3028,6615,2432,5025,596,1590,1909,2396,1261,3175,4436,1089,329,453,991,1815,8561,.458,.484,.375,.797,.558,.503,C-F,DETNJNUTA,okurme01
146,Kelly Olynyk,47.1,2013-14,2025-26,22-34,842,283,0,18360,2959,6093,2027,3565,932,2528,1422,1790,999,3201,4200,2024,646,373,1310,2319,8272,.486,.569,.369,.794,.601,.562,C-F,BOSDETHOUMIANOPSASTORUTA,olynyke01
147,Zaza Pachulia,52.7,2003-04,2018-19,19-34,1098,516,0,22240,2608,5559,2608,5528,0,31,2198,2927,2362,3953,6315,1433,768,378,1444,2738,7414,.469,.472,.000,.751,.541,.469,C,ATLDALDETGSWMILORL,pachuza01
148,Tony Parker,111.3,2001-02,2018-19,19-36,1254,1151,6,38279,7777,15830,7258,14227,519,1603,3400,4525,441,2955,3396,7036,1053,98,2865,2059,19473,.491,.510,.324,.751,.546,.508,G,CHOSAS,parketo01
149,Chris Paul,215.2,2005-06,2025-26,20-40,1370,1314,12,45836,8165,17408,6295,12349,1870,5059,4858,5581,798,5208,6006,12552,2728,222,3109,3208,23058,.469,.510,.370,.870,.580,.523,G,GSWHOULACNOHNOKOKCPHOSAS,paulch01
150,Gary Payton,51.3,2000-01,2006-07,32-38,549,453,3,18927,3322,7297,2897,5960,425,1337,1259,1677,404,1630,2034,3418,689,116,1072,1120,8328,.455,.486,.318,.751,.518,.484,G,BOSLALMIAMILSEA,paytoga01
151,Paul Pierce,137.0,2000-01,2016-17,23-39,1222,1166,10,41665,7898,17719,5935,12387,1963,5332,6420,7933,892,5930,6822,4372,1518,633,3241,3267,24179,.446,.479,.368,.809,.570,.501,F-G,BOSBRKLACWAS,piercpa01
152,Mason Plumlee,58.4,2013-14,2025-26,23-35,880,481,0,18969,2731,4583,2729,4532,2,51,1485,2573,1783,4037,5820,2065,606,703,1211,2302,6949,.596,.602,.039,.577,.608,.596,C-F,BRKCHODENDETLACPHOPORSAS,plumlma01
153,Jakob Poeltl,48.5,2016-17,2025-26,21-30,641,385,0,14469,2565,4033,2562,4026,3,7,671,1200,1718,2758,4476,1176,421,789,778,1624,5804,.636,.636,.429,.559,.636,.636,C,SASTOR,poeltja01
154,Kristaps Porziņģis,50.4,2015-16,2025-26,20-30,533,523,1,16175,3626,7874,2622,5117,1004,2757,2116,2549,908,3147,4055,994,383,947,876,1587,10372,.461,.512,.364,.830,.577,.524,C-F,ATLBOSDALGSWNYKWAS,porzikr01
155,James Posey,47.3,2000-01,2010-11,24-34,783,402,0,21208,2265,5555,1312,2808,953,2747,1274,1551,670,3074,3744,1267,819,265,886,2123,6757,.408,.467,.347,.821,.542,.494,F-G,BOSDENHOUINDMEMMIANOH,poseyja01
156,Dwight Powell,50.5,2014-15,2025-26,23-34,768,266,0,13469,1827,3017,1701,2588,126,429,1184,1614,1187,2065,3252,800,450,330,507,1667,4964,.606,.657,.294,.734,.666,.626,F-C,BOSDAL,poweldw01
157,Tayshaun Prince,63.1,2002-03,2015-16,22-35,1017,902,0,31576,4583,10082,4014,8532,569,1550,1537,2033,1125,3207,4332,2406,571,500,1064,1251,11272,.455,.470,.367,.756,.513,.483,F,BOSDETMEMMIN,princta01
158,Julius Randle,56.9,2014-15,2025-26,20-31,789,709,3,25348,5476,11591,4517,8702,959,2889,3273,4312,1541,5482,7023,3108,572,302,2211,2375,15184,.472,.519,.332,.759,.563,.514,F-C,LALMINNOPNYK,randlju01
159,Zach Randolph,81.1,2001-02,2017-18,20-36,1116,883,2,34616,7436,15774,7237,15045,199,729,3507,4592,3279,6929,10208,2049,834,301,2290,2629,18578,.471,.481,.273,.764,.522,.478,F-C,LACMEMNYKPORSAC,randoza01
160,Michael Redd,55.9,2000-01,2011-12,21-32,629,429,1,20104,4207,9405,3162,6654,1045,2751,2513,2998,622,1789,2411,1338,579,66,963,1002,11972,.447,.475,.380,.838,.558,.503,G,MILPHO,reddmi01
161,JJ Redick,63.7,2006-07,2020-21,22-36,940,488,0,23964,4009,8976,2059,4272,1950,4704,2060,2310,172,1731,1903,1862,420,88,1040,1417,12028,.447,.482,.415,.892,.602,.555,G,DALLACMILNOPORLPHI,redicjj01
162,Jason Richardson,59.1,2001-02,2014-15,21-34,857,842,0,29241,5558,12681,3950,8337,1608,4344,1920,2714,1033,3212,4245,2284,995,367,1503,1963,14644,.438,.474,.370,.707,.528,.502,G,CHAGSWORLPHIPHO,richaja01
163,Rajon Rondo,61.8,2006-07,2021-22,20-35,957,733,4,28571,3886,8516,3437,7132,449,1384,1116,1826,910,3439,4349,7584,1518,125,2586,1997,9337,.456,.482,.324,.611,.501,.483,G,ATLBOSCHICLEDALLACLALNOPSAC,rondora01
164,Domantas Sabonis,71.0,2016-17,2025-26,20-29,665,521,3,20463,4188,7487,3873,6567,315,920,2011,2757,1813,5283,7096,3240,514,301,1713,2084,10702,.559,.590,.342,.729,.615,.580,C-F,INDOKCSAC,sabondo01
165,Luis Scola,45.7,2007-08,2016-17,27-36,743,505,0,19001,3669,7442,3577,7171,92,271,1452,1961,1335,3606,4941,1194,474,224,1121,2037,8882,.493,.499,.339,.740,.535,.499,F,BRKHOUINDPHOTOR,scolalu01
166,Pascal Siakam,58.1,2016-17,2025-26,22-31,691,597,4,21694,4891,9841,4094,7509,797,2332,2231,2960,1046,3548,4594,2497,638,399,1270,1842,12810,.497,.545,.342,.754,.575,.537,F-C,INDTOR,siakapa01
167,J.R. Smith,46.3,2004-05,2019-20,19-34,977,395,0,26275,4380,10465,2450,5287,1930,5178,1458,1990,494,2579,3073,2077,974,204,1315,2191,12148,.419,.463,.373,.733,.536,.511,G-F,CLEDENLALNOHNOKNYK,smithjr01
168,Josh Smith,51.0,2004-05,2017-18,19-32,894,772,0,29000,5089,11247,4639,9669,450,1578,2368,3748,1717,4936,6653,2789,1083,1713,2197,2461,12996,.452,.480,.285,.632,.504,.472,F,ATLDETHOULACNOP,smithjo03
169,Peja Stojaković,76.0,2000-01,2010-11,23-33,682,653,3,24192,4363,9629,2760,5682,1603,3947,2039,2273,630,2733,3363,1230,654,92,949,1258,12368,.453,.486,.406,.897,.582,.536,F,DALINDNOHNOKSACTOR,stojape01
170,Amar'e Stoudemire,92.5,2002-03,2015-16,20-33,846,696,6,26254,5911,11009,5881,10882,30,127,4142,5444,2029,4603,6632,1050,636,1054,1953,2685,15994,.537,.540,.236,.761,.597,.538,F-C,DALMIANYKPHO,stoudam01
171,Wally Szczerbiak,47.1,2000-01,2008-09,23-31,578,340,1,17881,3144,6524,2582,5149,562,1375,1500,1738,582,1748,2330,1331,330,137,887,1205,8350,.482,.501,.409,.863,.573,.525,F,BOSCLEMINSEA,szczewa02
172,Jayson Tatum,67.2,2017-18,2025-26,19-27,601,601,6,20707,4907,10716,3314,6392,1593,4324,2725,3246,520,3933,4453,2328,661,387,1428,1258,14132,.458,.518,.368,.839,.582,.532,F,BOS,tatumja01
173,Jeff Teague,52.4,2009-10,2020-21,21-32,826,600,1,22164,3548,7984,2840,6017,708,1967,2257,2673,274,1715,1989,4585,936,277,1803,1542,10061,.444,.472,.360,.844,.549,.489,G,ATLBOSINDMILMIN,teaguje01
174,Jason Terry,100.1,2000-01,2017-18,23-40,1329,652,0,40146,6665,14985,4429,9132,2236,5853,2658,3138,478,2630,3108,5069,1513,265,2259,2444,18224,.445,.485,.382,.847,.557,.519,G,ATLBOSBRKDALHOUMIL,terryja01
175,Isaiah Thomas,45.3,2011-12,2023-24,22-34,556,362,2,15582,3170,7301,2126,4421,1044,2880,2339,2682,284,1037,1321,2641,472,61,1242,1146,9723,.434,.481,.363,.872,.573,.506,G,BOSCHOCLEDALDENLALNOPPHOSACWAS,thomais02
176,Kurt Thomas,52.5,2000-01,2012-13,28-40,883,534,0,21905,3066,6294,3058,6269,8,25,970,1238,1535,4432,5967,1009,568,737,930,2785,7110,.487,.488,.320,.784,.520,.488,F,CHIMILNYKPHOPORSASSEA,thomaku01
177,Klay Thompson,57.6,2011-12,2025-26,21-35,934,822,5,29306,6441,14387,3542,7298,2899,7089,1565,1825,424,2760,3184,2084,759,465,1487,1775,17346,.448,.485,.409,.858,.571,.548,G-F,DALGSW,thompkl01
178,Tristan Thompson,49.3,2011-12,2024-25,20-33,819,478,0,20433,2758,5308,2748,5266,10,42,1296,2189,2509,3919,6428,800,378,526,868,1750,6822,.520,.522,.238,.592,.544,.521,F-C,BOSCHICLEINDSAC,thomptr01
179,Karl-Anthony Towns,94.6,2015-16,2025-26,20-30,720,720,6,24294,5977,11456,4747,8359,1230,3097,3200,3811,2035,5990,8025,2263,588,811,1932,2452,16384,.522,.568,.397,.840,.624,.575,C-F,MINNYK,townska01
180,Hedo Türkoğlu,63.3,2000-01,2014-15,21-35,997,571,0,26695,3851,9034,2605,5788,1246,3246,2074,2645,647,3324,3971,2832,750,299,1578,2403,11022,.426,.450,.384,.784,.540,.495,F,LACORLPHOSACSASTOR,turkohe01
181,Myles Turner,51.7,2015-16,2025-26,19-29,713,680,0,20366,3620,7329,2717,4857,903,2472,1734,2255,981,3746,4727,916,490,1527,992,2066,9877,.494,.559,.365,.769,.593,.556,C-F,INDMIL,turnemy01
182,Jonas Valančiūnas,87.6,2012-13,2025-26,20-33,1002,854,0,24429,5123,9129,4877,8405,246,724,2354,2969,2659,6393,9052,1379,393,905,1604,2759,12846,.561,.580,.340,.793,.616,.575,C,DENMEMNOPSACTORWAS,valanjo01
183,Fred VanVleet,46.1,2016-17,2024-25,22-30,550,401,1,17193,2763,6885,1377,3154,1386,3731,1292,1498,239,1645,1884,3121,757,253,910,1205,8204,.401,.437,.371,.862,.544,.502,G,HOUTOR,vanvlfr01
184,Anderson Varejão,46.4,2004-05,2020-21,22-38,632,209,0,15087,1808,3550,1807,3507,1,43,957,1518,1511,3020,4531,737,537,407,593,1633,4574,.509,.515,.023,.630,.542,.509,F-C,CLEGSW,varejan01
185,Nikola Vučević,84.3,2011-12,2025-26,21-35,1036,957,2,32321,7524,15132,6526,12284,998,2848,1638,2119,2559,8148,10707,3025,860,885,1755,2484,17684,.497,.531,.350,.773,.550,.530,C,BOSCHIORLPHI,vucevni01
186,Dwyane Wade,120.7,2003-04,2018-19,22-37,1054,909,13,35773,8454,17617,7905,15743,549,1874,5708,7463,1258,3675,4933,5701,1620,885,3326,2328,23165,.480,.502,.293,.765,.554,.495,G,CHICLEMIA,wadedw01
187,Kemba Walker,59.8,2011-12,2022-23,21-32,750,697,4,24810,4999,11954,3329,7312,1670,4642,2818,3354,418,2413,2831,3938,923,282,1574,1111,14486,.418,.455,.360,.840,.539,.488,G,BOSCHACHODALNYK,walkeke02
188,Ben Wallace,81.5,2000-01,2011-12,26-37,860,799,4,27574,2185,4678,2178,4627,7,51,967,2315,2959,6092,9051,1332,1178,1834,912,1662,5344,.467,.471,.137,.418,.469,.468,F-C,CHICLEDET,wallabe01
189,Gerald Wallace,59.7,2001-02,2014-15,19-32,832,611,1,24731,3516,7492,3109,6189,407,1303,2494,3517,1145,3693,4838,1725,1200,681,1486,1829,9933,.469,.502,.312,.709,.549,.496,F,BOSBRKCHANJNPORSAC,wallage01
190,Rasheed Wallace,74.5,2000-01,2012-13,26-38,775,677,3,25408,4415,9887,3394,6894,1021,2993,1485,1989,1045,4352,5397,1438,790,1098,1072,2196,11336,.447,.492,.341,.747,.527,.498,F-C,ATLBOSDETNYKPOR,wallara01
191,David West,85.8,2003-04,2017-18,23-37,1034,742,2,29144,5703,11519,5646,11304,57,215,2571,3148,1784,4806,6590,2273,764,850,1660,2408,14034,.495,.499,.265,.817,.544,.498,F-C,GSWINDNOHNOKSAS,westda01
192,Russell Westbrook,112.9,2008-09,2025-26,20-37,1301,1133,9,43026,9786,22329,8291,17473,1495,4856,6109,7928,2054,6971,9025,10351,2038,418,5038,3304,27176,.438,.475,.308,.771,.526,.472,G,DENHOULACLALOKCSACWAS,westbru01
193,Derrick White,46.7,2017-18,2025-26,23-31,571,455,0,16706,2650,6045,1497,2845,1153,3200,1213,1412,382,1765,2147,2479,493,544,828,1154,7666,.438,.526,.360,.859,.575,.534,G,BOSSAS,whitede01
194,Hassan Whiteside,52.0,2010-11,2021-22,21-32,511,332,0,12645,2687,4583,2679,4557,8,26,1068,1765,1608,3915,5523,327,271,1143,756,1341,6450,.586,.588,.308,.605,.602,.587,C,MIAPORSACUTA,whiteha01
195,Deron Williams,77.3,2005-06,2016-17,21-32,845,771,3,28865,4874,10964,3696,7668,1178,3296,2878,3502,353,2266,2619,6819,867,206,2402,2132,13804,.445,.482,.357,.822,.552,.498,G,BRKCLEDALNJNUTA,willide01
196,Lou Williams,65.7,2005-06,2021-22,19-35,1123,122,0,27104,5047,12045,3590,7899,1457,4146,4042,4803,431,2053,2484,3789,952,192,1896,1439,15593,.419,.454,.351,.842,.551,.479,G,ATLHOULACLALPHITOR,willilo02
197,Marvin Williams,65.1,2005-06,2019-20,19-33,1072,828,0,30159,3928,8872,2882,5978,1046,2894,2063,2554,1276,4270,5546,1373,824,577,1021,2155,10965,.443,.482,.361,.808,.548,.502,F,ATLCHOMILUTA,willima02
198,Metta World Peace,58.8,2000-01,2016-17,21-37,919,777,1,29202,4357,10507,3263,7296,1094,3211,2384,3317,1097,3043,4140,2429,1602,483,1625,2427,12192,.415,.447,.341,.719,.509,.467,F,CHIHOUINDLALNYKSAC,artesro01
199,Thaddeus Young,71.9,2007-08,2023-24,19-35,1172,726,0,33012,6143,12202,5621,10609,522,1593,1417,2143,2296,4318,6614,2135,1612,458,1641,2486,14225,.503,.530,.328,.661,.541,.525,F,BRKCHIINDMINPHIPHOSASTOR,youngth01
200,Ivica Zubac,55.5,2016-17,2025-26,19-28,632,498,0,14880,2745,4470,2744,4458,1,12,1139,1572,1698,3553,5251,899,236,615,791,1487,6630,.614,.616,.083,.725,.642,.614,C,INDLACLAL,zubaciv01


Provided by <a href="https://www.sports-reference.com/sharing.html?utm_source=direct&utm_medium=Share&utm_campaign=ShareTool">Stathead</a>: <a href="https://www.sports-reference.com/stathead/basketball/player-season-finder.cgi?utm_source=direct&utm_medium=Share&utm_campaign=ShareTool">Found with Stathead. See Full Results.</a><br>Generated 5/4/2026.